{"cameraMode":{"drawMode":0,"name":"Shaded","section":"Shading Mode"},"sceneLighting":true,"audioPlay":false,"sceneViewState":{"m_AlwaysRefresh":false,"showFog":true,"showSkybox":true,"showFlares":true,"showImageEffects":true,"showParticleSystems":true,"showVisualEffectGraphs":true,"m_FxEnabled":true},"in2DMode":false,"pivot":{"x":-36.72469711303711,"y":36.275516510009769,"z":57.18023681640625},"rotation":{"x":-0.11380884051322937,"y":-0.8860892653465271,"z":0.30736905336380007,"w":-0.32804998755455019},"size":0.9339744448661804,"orthographic":false}