{"cameraMode":{"drawMode":0,"name":"Shaded","section":"Shading Mode"},"sceneLighting":true,"audioPlay":false,"sceneViewState":{"m_AlwaysRefresh":false,"showFog":true,"showSkybox":true,"showFlares":true,"showImageEffects":true,"showParticleSystems":true,"showVisualEffectGraphs":true,"m_FxEnabled":true},"in2DMode":false,"pivot":{"x":-35.31962203979492,"y":8.2326078414917,"z":15.974835395812989},"rotation":{"x":0.002980167279019952,"y":-0.9833669066429138,"z":0.18138137459754945,"w":0.015643810853362085},"size":0.8660253882408142,"orthographic":false}