{"cameraMode":{"drawMode":0,"name":"Shaded","section":"Shading Mode"},"sceneLighting":true,"audioPlay":false,"sceneViewState":{"m_AlwaysRefresh":false,"showFog":true,"showSkybox":true,"showFlares":true,"showImageEffects":true,"showParticleSystems":true,"showVisualEffectGraphs":true,"m_FxEnabled":true},"in2DMode":false,"pivot":{"x":8.702839851379395,"y":4.719822406768799,"z":9.982905387878418},"rotation":{"x":0.025074267759919168,"y":-0.9512380361557007,"z":0.29675552248954775,"w":0.08037512004375458},"size":13.287703514099121,"orthographic":false}