{"cameraMode":{"drawMode":0,"name":"Shaded","section":"Shading Mode"},"sceneLighting":true,"audioPlay":false,"sceneViewState":{"m_AlwaysRefresh":false,"showFog":true,"showSkybox":true,"showFlares":true,"showImageEffects":true,"showParticleSystems":true,"showVisualEffectGraphs":true,"m_FxEnabled":true},"in2DMode":false,"pivot":{"x":-32.349578857421878,"y":2.0092179775238039,"z":18.287063598632814},"rotation":{"x":0.02827121689915657,"y":-0.9708304405212402,"z":0.14463898539543153,"w":0.18964917957782746},"size":0.9339744448661804,"orthographic":false}