{"cameraMode":{"drawMode":0,"name":"Shaded","section":"Shading Mode"},"sceneLighting":true,"audioPlay":false,"sceneViewState":{"m_AlwaysRefresh":false,"showFog":true,"showSkybox":true,"showFlares":true,"showImageEffects":true,"showParticleSystems":true,"showVisualEffectGraphs":true,"m_FxEnabled":true},"in2DMode":false,"pivot":{"x":142.46961975097657,"y":68.55924224853516,"z":130.03826904296876},"rotation":{"x":0.09352074563503266,"y":-0.8855253458023071,"z":0.2032080590724945,"w":0.4072824716567993},"size":0.8660253882408142,"orthographic":false}